1,asdf,",,,,,,,",hello world, &/
1,asdf,",,,,,,,",hello world, &/
1,asdf,",,,,,,,",hello world, &/
1,asdf,",,,,,,,",hello world, &/
1,asdf,",,,,,,,",hello world, &/
1,asdf,",,,,,,,",hello world, &/
1,asdf,",,,,,,,",hello world, &/
1,asdf,",,,,,,,",hello world, &/
1,asdf,",,,,,,,",hello world, &/
1,asdf,",,,,,,,",hello world, &/
1,asdf,",,,,,,,",hello world, &/
1,asdf,",,,,,,,",hello world, &/
1,asdf,",,,,,,,",hello world, &/
1,asdf,",,,,,,,",hello world, &/
1,asdf,",,,,,,,",hello world, &/
1,asdf,",,,,,,,",hello world, &/
1,asdf,",,,,,,,",hello world, &/
1,asdf,",,,,,,,",hello world, &/
1,asdf,",,,,,,,",hello world, &/
1,asdf,",,,,,,,",hello world, &/
1,asdf,",,,,,,,",hello world, &/
1,asdf,",,,,,,,",hello world, &/
1,asdf,",,,,,,,",hello world, &/
1,asdf,",,,,,,,",hello world, &/
1,asdf,",,,,,,,",hello world, &/
1,asdf,",,,,,,,",hello world, &/
1,asdf,",,,,,,,",hello world, &/
1,asdf,",,,,,,,",hello world, &/
1,asdf,",,,,,,,",hello world, &/